{"ITR":{"ITR1":{"CreationInfo":{"SWVersionNo":"1.0","SWCreatedBy":"SW20000268","JSONCreatedBy":"SW20000268","JSONCreationDate":"2021-08-31","IntermediaryCity":"Delhi","Digest":"Oj9PKW+NC19mxIYWHOnyCBxdeG3PmR/GzEcLu+CSUOg="},"Form_ITR1":{"FormName":"ITR-1","Description":"For Indls having Income from Salary, Pension, family pension and Interest","AssessmentYear":"2021","SchemaVer":"Ver1.2","FormVer":"Ver1.2"},"PersonalInfo":{"AssesseeName":{"FirstName":"Y A R S","MiddleName":"Sarath","SurNameOrOrgName":"Chandra"},"PAN":"DMSPS2909R","Address":{"ResidenceNo":"E1310 Jains Carlton Creek","RoadOrStreet":"Khajaguda","LocalityOrArea":"Manikonda","CityOrTownOrDistrict":"Hyderabad","StateCode":"36","CountryCode":"91","PinCode":500089,"CountryCodeMobile":91,"MobileNo":9966965821,"EmailAddress":"sarathchandra.chandu@gmail.com"},"DOB":"1990-09-11","EmployerCategory":"OTH","AadhaarCardNo":"507917222109"},"FilingStatus":{"ReturnFileSec":11,"NewTaxRegime":"N","SeventhProvisio139":"N","DepAmtAggAmtExcd1CrPrYrFlg":"N","IncrExpAggAmt2LkTrvFrgnCntryFlg":"N","IncrExpAggAmt1LkElctrctyPrYrFlg":"N"},"ITR1_IncomeDeductions":{"GrossSalary":489895,"Salary":489895,"PerquisitesValue":0,"ProfitsInSalary":0,"AllwncExemptUs10":{"TotalAllwncExemptUs10":0},"NetSalary":489895,"DeductionUs16":50600,"DeductionUs16ia":50000,"EntertainmentAlw16ii":0,"ProfessionalTaxUs16iii":600,"IncomeFromSal":439295,"TypeOfHP":"S","AnnualValue":0,"StandardDeduction":0,"InterestPayable":165999,"TotalIncomeOfHP":-165999,"IncomeOthSrc":0,"DeductionUs57iia":0,"GrossTotIncome":273296,"UsrDeductUndChapVIA":{"Section80C":100986,"Section80CCC":0,"Section80CCDEmployeeOrSE":0,"Section80CCD1B":0,"Section80CCDEmployer":0,"Section80D":2536,"Section80DD":0,"Section80DDB":0,"Section80E":0,"Section80EE":0,"Section80EEA":0,"Section80EEB":0,"Section80G":0,"Section80GG":0,"Section80GGA":0,"Section80GGC":0,"Section80U":0,"Section80TTA":0,"Section80TTB":0,"TotalChapVIADeductions":103522},"DeductUndChapVIA":{"Section80C":100986,"Section80CCC":0,"Section80CCDEmployeeOrSE":0,"Section80CCD1B":0,"Section80CCDEmployer":0,"Section80D":2536,"Section80DD":0,"Section80DDB":0,"Section80E":0,"Section80EE":0,"Section80EEA":0,"Section80EEB":0,"Section80G":0,"Section80GG":0,"Section80GGA":0,"Section80GGC":0,"Section80U":0,"Section80TTA":0,"Section80TTB":0,"TotalChapVIADeductions":103522},"TotalIncome":169770,"ExemptIncAgriOthUs10":{"ExemptIncAgriOthUs10Total":0}},"ITR1_TaxComputation":{"TotalTaxPayable":0,"Rebate87A":0,"TaxPayableOnRebate":0,"EducationCess":0,"GrossTaxLiability":0,"Section89":0,"NetTaxLiability":0,"TotalIntrstPay":0,"IntrstPay":{"IntrstPayUs234A":0,"IntrstPayUs234B":0,"IntrstPayUs234C":0,"LateFilingFee234F":0},"TotTaxPlusIntrstPay":0},"TaxPaid":{"TaxesPaid":{"AdvanceTax":0,"TDS":146306,"TCS":0,"SelfAssessmentTax":0,"TotalTaxesPaid":146306},"BalTaxPayable":0},"Refund":{"RefundDue":146310,"BankAccountDtls":{"AddtnlBankDetails":[{"IFSCCode":"HDFC0001228","BankName":"HDFC Bank","BankAccountNo":"12281610003279","UseForRefund":"true"}]}},"Schedule80G":{"Don100Percent":{"TotDon100PercentCash":0,"TotDon100PercentOtherMode":0,"TotDon100Percent":0,"TotEligibleDon100Percent":0},"Don50PercentNoApprReqd":{"TotDon50PercentNoApprReqdCash":0,"TotDon50PercentNoApprReqdOtherMode":0,"TotDon50PercentNoApprReqd":0,"TotEligibleDon50Percent":0},"Don100PercentApprReqd":{"TotDon100PercentApprReqdCash":0,"TotDon100PercentApprReqdOtherMode":0,"TotDon100PercentApprReqd":0,"TotEligibleDon100PercentApprReqd":0},"Don50PercentApprReqd":{"TotDon50PercentApprReqdCash":0,"TotDon50PercentApprReqdOtherMode":0,"TotDon50PercentApprReqd":0,"TotEligibleDon50PercentApprReqd":0},"TotalDonationsUs80GCash":0,"TotalDonationsUs80GOtherMode":0,"TotalDonationsUs80G":0,"TotalEligibleDonationsUs80G":0},"Schedule80GGA":{"TotalDonationAmtCash80GGA":0,"TotalDonationAmtOtherMode80GGA":0,"TotalDonationsUs80GGA":0,"TotalEligibleDonationAmt80GGA":0},"Schedule80D":{"Sec80DSelfFamSrCtznHealth":{"SeniorCitizenFlag":"N","SelfAndFamily":2536,"HealthInsPremSlfFam":2536,"SelfAndFamilySeniorCitizen":0,"ParentsSeniorCitizenFlag":"N","Parents":0,"ParentsSeniorCitizen":0,"EligibleAmountOfDedn":2536}},"TDSonSalaries":{"TDSonSalary":[{"EmployerOrDeductorOrCollectDetl":{"TAN":"HYDD11065F","EmployerOrDeductorOrCollecterName":"DUN & BRADSTREET TECHNOLOGY AND CORPORATE"},"IncChrgSal":439295,"TotalTDSSal":146306}],"TotalTDSonSalaries":146306},"TDSonOthThanSals":{"TotalTDSonOthThanSals":0},"ScheduleTDS3Dtls":{"TotalTDS3Details":0},"ScheduleTCS":{"TotalSchTCS":0},"TaxPayments":{"TotalTaxPayments":0},"Verification":{"Declaration":{"AssesseeVerName":"Y A R S Sarath Chandra","FatherName":"Yellapu Lokeswara Rao","AssesseeVerPAN":"DMSPS2909R"},"Capacity":"S","Place":"Hyderabad"}}}}